Name,URL
Eric,https://www.mountainproject.com/user/200907207/eric-blow
Link,https://www.mountainproject.com/user/112051710/link-pat
Jack,https://www.mountainproject.com/user/112192174/jack-reills
Susan,https://www.mountainproject.com/user/201129089/q-r
Oak,https://www.mountainproject.com/user/112823201/oak-nelson
Annie,https://www.mountainproject.com/user/112846385/annie-levine
Kelsey,https://www.mountainproject.com/user/200183304/kelsey-neal
Lucia,https://www.mountainproject.com/user/200895359/lucia-stein-montalvo
Holly,https://www.mountainproject.com/user/201375581/holly-burrows
Elizabeth,https://www.mountainproject.com/user/201346194/elizabeth-yankovsky
Mikkel,https://www.mountainproject.com/user/200385332/mikkel-kringelbach
Brandon,https://www.mountainproject.com/user/201494313/brandon-slocum
Jessie,https://www.mountainproject.com/user/201494271/jess-kendall
Mike,https://www.mountainproject.com/user/201253247/michael-blow
Chen,https://mountainproject.com/user/201262359/chen-yu
Kai,https://www.mountainproject.com/user/201210156/kai-taro
Nancy,https://www.mountainproject.com/user/201704007/nancy-hackett
